id;libelle;prenom;adresse;telephone;email
1;nom01;prenom01;adresse01;6101010101;email01@mail.com
2;nom02;prenom02;adresse02;6102020202;email02@mail.com
3;nom03;prenom03;adresse03;6103030303;email03@mail.com
4;nom04;prenom04;adresse04;6104040404;email04@mail.com
5;nom05;prenom05;adresse05;6105050505;email05@mail.com
6;nom06;prenom06;adresse06;6106060606;email06@mail.com
7;nom07;prenom07;adresse07;6107070707;email07@mail.com
8;nom08;prenom08;adresse08;6108080808;email08@mail.com
9;nom09;prenom09;adresse09;6109090909;email09@mail.com
10;nom10;prenom10;adresse10;6110101010;email10@mail.com
11;nom11;prenom11;adresse11;6111111111;email11@mail.com
12;nom12;prenom12;adresse12;6112121212;email12@mail.com
13;nom13;prenom13;adresse13;6113131313;email13@mail.com
14;nom14;prenom14;adresse14;6114141414;email14@mail.com
15;nom15;prenom15;adresse15;6115151515;email15@mail.com
16;nom16;prenom16;adresse16;6116161616;email16@mail.com
17;nom17;prenom17;adresse17;6117171717;email17@mail.com
18;nom18;prenom18;adresse18;6118181818;email18@mail.com
19;nom19;prenom19;adresse19;6119191919;email19@mail.com
20;nom20;prenom20;adresse20;6120202020;email20@mail.com
21;nom21;prenom21;adresse21;6121212121;email21@mail.com
22;nom22;prenom22;adresse22;6122222222;email22@mail.com
23;nom23;prenom23;adresse23;6123232323;email23@mail.com
24;nom24;prenom24;adresse24;6124242424;email24@mail.com
25;nom25;prenom25;adresse25;6125252525;email25@mail.com
26;nom26;prenom26;adresse26;6126262626;email26@mail.com
27;nom27;prenom27;adresse27;6127272727;email27@mail.com
28;nom28;prenom28;adresse28;6128282828;email28@mail.com
29;nom29;prenom29;adresse29;6129292929;email29@mail.com
30;nom30;prenom30;adresse30;6130303030;email30@mail.com
31;nom31;prenom31;adresse31;6131313131;email31@mail.com
32;nom32;prenom32;adresse32;6132323232;email32@mail.com
33;nom33;prenom33;adresse33;6133333333;email33@mail.com
34;nom34;prenom34;adresse34;6134343434;email34@mail.com
35;nom35;prenom35;adresse35;6135353535;email35@mail.com
36;nom36;prenom36;adresse36;6136363636;email36@mail.com
37;nom37;prenom37;adresse37;6137373737;email37@mail.com
38;nom38;prenom38;adresse38;6138383838;email38@mail.com
39;nom39;prenom39;adresse39;6139393939;email39@mail.com
40;nom40;prenom40;adresse40;6140404040;email40@mail.com
41;nom41;prenom41;adresse41;6141414141;email41@mail.com
42;nom42;prenom42;adresse42;6142424242;email42@mail.com
43;nom43;prenom43;adresse43;6143434343;email43@mail.com
44;nom44;prenom44;adresse44;6144444444;email44@mail.com
45;nom45;prenom45;adresse45;6145454545;email45@mail.com
46;nom46;prenom46;adresse46;6146464646;email46@mail.com
47;nom47;prenom47;adresse47;6147474747;email47@mail.com
48;nom48;prenom48;adresse48;6148484848;email48@mail.com
49;nom49;prenom49;adresse49;6149494949;email49@mail.com
50;nom50;prenom50;adresse50;6150505050;email50@mail.com
51;nom51;prenom51;adresse51;6151515151;email51@mail.com
52;nom52;prenom52;adresse52;6152525252;email52@mail.com
53;nom53;prenom53;adresse53;6153535353;email53@mail.com
54;nom54;prenom54;adresse54;6154545454;email54@mail.com
55;nom55;prenom55;adresse55;6155555555;email55@mail.com
56;nom56;prenom56;adresse56;6156565656;email56@mail.com
57;nom57;prenom57;adresse57;6157575757;email57@mail.com
58;nom58;prenom58;adresse58;6158585858;email58@mail.com
59;nom59;prenom59;adresse59;6159595959;email59@mail.com
60;nom60;prenom60;adresse60;6160606060;email60@mail.com
61;nom61;prenom61;adresse61;6161616161;email61@mail.com
62;nom62;prenom62;adresse62;6162626262;email62@mail.com
63;nom63;prenom63;adresse63;6163636363;email63@mail.com
64;nom64;prenom64;adresse64;6164646464;email64@mail.com
65;nom65;prenom65;adresse65;6165656565;email65@mail.com
66;nom66;prenom66;adresse66;6166666666;email66@mail.com
67;nom67;prenom67;adresse67;6167676767;email67@mail.com
68;nom68;prenom68;adresse68;6168686868;email68@mail.com
69;nom69;prenom69;adresse69;6169696969;email69@mail.com
70;nom70;prenom70;adresse70;6170707070;email70@mail.com
71;nom71;prenom71;adresse71;6171717171;email71@mail.com
72;nom72;prenom72;adresse72;6172727272;email72@mail.com
73;nom73;prenom73;adresse73;6173737373;email73@mail.com
74;nom74;prenom74;adresse74;6174747474;email74@mail.com
75;nom75;prenom75;adresse75;6175757575;email75@mail.com
76;nom76;prenom76;adresse76;6176767676;email76@mail.com
77;nom77;prenom77;adresse77;6177777777;email77@mail.com
78;nom78;prenom78;adresse78;6178787878;email78@mail.com
79;nom79;prenom79;adresse79;6179797979;email79@mail.com
80;nom80;prenom80;adresse80;6180808080;email80@mail.com
81;nom81;prenom81;adresse81;6181818181;email81@mail.com
82;nom82;prenom82;adresse82;6182828282;email82@mail.com
83;nom83;prenom83;adresse83;6183838383;email83@mail.com
84;nom84;prenom84;adresse84;6184848484;email84@mail.com
85;nom85;prenom85;adresse85;6185858585;email85@mail.com
86;nom86;prenom86;adresse86;6186868686;email86@mail.com
87;nom87;prenom87;adresse87;6187878787;email87@mail.com
88;nom88;prenom88;adresse88;6188888888;email88@mail.com
89;nom89;prenom89;adresse89;6189898989;email89@mail.com
90;nom90;prenom90;adresse90;6190909090;email90@mail.com
91;nom91;prenom91;adresse91;6191919191;email91@mail.com
92;nom92;prenom92;adresse92;6192929292;email92@mail.com
93;nom93;prenom93;adresse93;6193939393;email93@mail.com
94;nom94;prenom94;adresse94;6194949494;email94@mail.com
95;nom95;prenom95;adresse95;6195959595;email95@mail.com
96;nom96;prenom96;adresse96;6196969696;email96@mail.com
97;nom97;prenom97;adresse97;6197979797;email97@mail.com
98;nom98;prenom98;adresse98;6198989898;email98@mail.com
99;nom99;prenom99;adresse99;6199999999;email99@mail.com
