id;login;password_hash;first_name;last_name;email;image_url;activated;lang_key;created_by;last_modified_by
1;admin;$2a$10$gSAhZrxMllrbgj/kkK9UceBPpChGWJA7SYIb1Mqo.n5aNLq1/oRrC;System;Admin;honsali@gmail.com;;true;en;system;system
2;mediateur;$2a$10$VEjxo0jq2YG9Rbk2HmX9S.k1uZBGYUHdUcid3g/vfiEl7lwWgOH/K;Abdelilah;Laamarti;honsali@gmail.com;;true;en;system;system
3;allianz;$2a$10$VEjxo0jq2YG9Rbk2HmX9S.k1uZBGYUHdUcid3g/vfiEl7lwWgOH/K;Ali;Bennani;honsali@gmail.com;;true;en;system;system
4;atlanta;$2a$10$VEjxo0jq2YG9Rbk2HmX9S.k1uZBGYUHdUcid3g/vfiEl7lwWgOH/K;Mouna;Alaoui;honsali@gmail.com;;true;en;system;system
5;axassi;$2a$10$VEjxo0jq2YG9Rbk2HmX9S.k1uZBGYUHdUcid3g/vfiEl7lwWgOH/K;Hicham;Mansouri;honsali@gmail.com;;true;en;system;system
6;axassu;$2a$10$VEjxo0jq2YG9Rbk2HmX9S.k1uZBGYUHdUcid3g/vfiEl7lwWgOH/K;Rajaa;Fadil;honsali@gmail.com;;true;en;system;system
7;coface;$2a$10$VEjxo0jq2YG9Rbk2HmX9S.k1uZBGYUHdUcid3g/vfiEl7lwWgOH/K;Rachid;Karam;honsali@gmail.com;;true;en;system;system
8;cat;$2a$10$VEjxo0jq2YG9Rbk2HmX9S.k1uZBGYUHdUcid3g/vfiEl7lwWgOH/K;Souad;Benali;honsali@gmail.com;;true;en;system;system
9;euler;$2a$10$VEjxo0jq2YG9Rbk2HmX9S.k1uZBGYUHdUcid3g/vfiEl7lwWgOH/K;Reda;Berrada;honsali@gmail.com;;true;en;system;system
10;marvie;$2a$10$VEjxo0jq2YG9Rbk2HmX9S.k1uZBGYUHdUcid3g/vfiEl7lwWgOH/K;Nadia;Benis;honsali@gmail.com;;true;en;system;system
11;matu;$2a$10$VEjxo0jq2YG9Rbk2HmX9S.k1uZBGYUHdUcid3g/vfiEl7lwWgOH/K;Karim;Sedki;honsali@gmail.com;;true;en;system;system
12;mai;$2a$10$VEjxo0jq2YG9Rbk2HmX9S.k1uZBGYUHdUcid3g/vfiEl7lwWgOH/K;Loubna;Bekkali;honsali@gmail.com;;true;en;system;system
13;mcma;$2a$10$VEjxo0jq2YG9Rbk2HmX9S.k1uZBGYUHdUcid3g/vfiEl7lwWgOH/K;Slimane;Sefrioui;honsali@gmail.com;;true;en;system;system
14;rma;$2a$10$VEjxo0jq2YG9Rbk2HmX9S.k1uZBGYUHdUcid3g/vfiEl7lwWgOH/K;Yasmine;Nssiri;honsali@gmail.com;;true;en;system;system
15;sahassi;$2a$10$VEjxo0jq2YG9Rbk2HmX9S.k1uZBGYUHdUcid3g/vfiEl7lwWgOH/K;Mouad;Cherki;honsali@gmail.com;;true;en;system;system
16;sahassu;$2a$10$VEjxo0jq2YG9Rbk2HmX9S.k1uZBGYUHdUcid3g/vfiEl7lwWgOH/K;Dounia;Mouhajir;honsali@gmail.com;;true;en;system;system
17;wafass;$2a$10$VEjxo0jq2YG9Rbk2HmX9S.k1uZBGYUHdUcid3g/vfiEl7lwWgOH/K;Said;Sekkat;honsali@gmail.com;;true;en;system;system
18;wafima;$2a$10$VEjxo0jq2YG9Rbk2HmX9S.k1uZBGYUHdUcid3g/vfiEl7lwWgOH/K;Meriem;Mountacir;honsali@gmail.com;;true;en;system;system
